0.39938;-77.06529
0.48997;-6.01397
0.93488;-17.33597
1.12551;-10.50949
1.33394;-5.70783
2.09653;29.09083
2.29204;59.15022
2.35225;-45.74699
2.81628;-15.46732
3.30896;15.18362
3.65045;20.20670
3.66014;-18.93269
4.27307;38.68168
4.58211;36.78533
4.85701;-8.82383
5.00798;-64.87762
6.41334;-77.25504
6.55048;-43.67991
6.57028;-42.30512
6.98214;-33.00704
7.85357;-48.80356
7.88567;-62.95809
7.88898;-62.96545
7.94299;54.52232
8.24994;62.93179
9.22016;33.71935
9.24278;53.89693
9.63958;29.31237
9.83166;30.86123
10.12661;56.53741
10.33157;-46.08501
10.51618;50.51254
10.83852;-57.46310
10.86704;47.02464
10.89678;-17.98668
11.04752;-10.60927
11.18126;48.28438
11.83496;24.26738
12.17040;7.58520
12.20831;50.96819
12.27125;57.81655
12.45346;41.07895
13.25204;-1.14422
13.26783;61.12356
13.75080;58.97280
14.16671;59.18117
14.17709;60.71675
14.18791;38.49926
14.30178;23.41776
14.65144;-29.35746
15.73607;7.89007
16.52128;-46.71849
17.09608;-55.24583
17.14693;-10.18193
17.18400;86.25712
17.37551;47.24182
17.43249;35.62083
17.77471;55.14995
17.86331;21.03468
17.91494;30.08973
18.43723;24.58376
18.79403;-45.53210
18.93956;-68.87624
19.86657;27.26409
20.02049;58.23162
20.58497;45.52876
21.00605;-8.18275
21.40504;-14.59875
21.45251;60.23540
21.48293;68.12995
21.91285;45.40695
22.09142;-43.31773
22.54560;6.14393
22.81242;-49.07308
22.87081;15.34583
23.48302;59.23210
24.19990;41.40638
24.42813;-57.23666
24.49793;48.62849
25.14502;40.57711
25.35795;5.48760
25.44382;42.61381
25.68132;-3.69012
25.91506;50.68877
26.02136;-15.93956
26.34829;9.15764
27.39663;-10.68618
27.86504;-10.33495
28.27042;29.57940
28.38236;19.29409
28.38890;3.18748
28.41175;-46.30245
28.59868;63.67015
28.65979;20.80830
28.73340;-67.64748
28.98680;-51.60959
29.00002;68.68527
29.16733;-22.52671
29.29164;-47.38530
29.48240;23.59610
29.69113;-61.56992
30.00094;-21.07777
30.48979;70.90705
30.51167;2.76376
30.57531;54.48755
30.85913;72.42124
30.97466;42.32985
31.12263;-29.29684
31.79286;23.46278
32.12144;37.85918
32.35536;25.93997
32.38550;34.98739
33.09302;30.30322
33.25005;8.84675
33.30559;44.23169
34.12708;-51.51211
34.26007;34.22483
34.32848;33.84732
35.43760;-68.65942
36.40584;50.27867
36.48755;-12.29045
36.74627;-47.70383
37.03966;8.46009
37.26662;67.40238
37.94615;89.26414
38.02199;-15.24432
38.46130;-28.23234
38.96870;5.59330
39.87062;0.32852
39.89055;-11.87158
39.89677;-68.26695
39.94966;-42.89163
40.16638;-39.85531
40.56220;40.19439
40.82552;3.23617
40.86296;27.70717
41.03064;-13.85868
41.04870;49.22867
41.23489;10.11422
41.27492;-18.57265
41.38555;-67.61672
41.97684;29.24742
42.27233;-32.40628
42.49579;27.26079
42.61890;-75.06688
42.64548;38.31891
42.67414;55.89553
42.75977;-21.00398
42.87846;35.05989
43.56443;52.76249
44.10668;-8.89761
44.56548;-40.30473
44.69021;39.66283
44.69903;-64.07130
44.76546;35.18311
44.80306;21.34044
44.92873;8.90740
45.56991;4.08993
45.59830;-23.62434
46.19913;53.50645
46.29374;38.84053
46.38511;56.70555
47.04221;40.95565
47.26201;49.61350
47.37345;44.85789
47.82251;39.61157
47.90696;19.72670
47.98433;74.39387
48.01783;-28.98911
48.72548;21.04463
48.95844;-8.81984
49.59207;-22.51115
49.68260;34.22267
49.83975;3.36997
49.87904;-21.75794
49.97177;-43.07155
49.99690;65.65233
50.08486;29.04850
50.36086;43.32965
51.08062;49.86124
51.20349;9.02907
51.79217;9.73277
52.01271;49.06293
52.26723;59.94033
52.34179;49.50902
52.34244;-62.93843
52.47811;58.87875
52.64368;47.99517
52.65437;-5.07516
52.71820;12.93668
53.23509;-9.45831
53.44687;-21.63282
54.12233;48.19270
54.21883;0.40283
54.27366;-40.27451
55.56208;-31.93840
55.59435;33.96504
55.70884;-37.31334
55.73118;47.78765
55.81232;-9.76520
56.04815;-64.80709
56.07969;32.28827
56.21885;24.11345
56.29851;42.57854
56.30201;24.46738
56.45664;24.36786
56.50972;63.34507
56.53543;-12.10174
56.58150;23.94846
56.71245;-23.24844
56.80930;-74.23924
56.87110;24.10524
57.14926;-37.62013
57.29055;24.05352
57.36367;-36.20011
57.38036;65.52601
57.58948;71.33237
58.42785;-24.61221
58.53299;31.88366
58.57286;-2.95473
59.28455;61.10892
59.35598;63.07225
59.46342;40.01027
59.50721;-13.50824
59.68641;-61.40015
59.74125;35.79103
59.98115;-24.01626
60.17009;12.49038
60.22419;-62.15937
60.32530;-61.07905
60.78907;5.98931
61.17357;22.08207
61.64606;50.35135
62.16531;47.71259
62.71014;-41.99374
62.96639;-6.83778
63.48496;9.26390
63.50034;-42.29387
63.59872;-10.25589
63.60596;-62.47398
63.72213;40.48372
63.72441;48.40937
63.82349;-7.64456
63.88352;8.89241
64.00621;-51.48710
64.12118;-59.30175
64.31536;20.57874
64.47341;-33.79833
64.56073;50.29564
64.94806;15.62770
65.08848;27.35094
65.10273;34.56674
65.38812;46.49896
65.73345;17.54258
66.00902;-34.01699
66.02372;17.44421
66.34208;22.29398
66.37216;17.92799
66.57664;22.81369
66.58613;15.61835
66.65157;14.71386
67.10985;16.35963
67.14347;15.96222
67.15389;19.18052
67.16531;15.87095
67.63987;16.19408
67.96946;-0.04399
68.37762;-29.76583
68.46190;14.84449
68.49883;-55.04501
68.88780;-30.56231
68.91347;10.16092
68.98000;16.50976
69.07975;-3.35245
69.17264;41.26485
69.53917;12.51087
69.54530;-14.30359
69.72331;-12.12308
69.81855;15.91802
70.11039;-19.67126
70.14093;-41.86357
70.56126;22.95698
71.37559;-3.25462
72.45891;6.96125
72.47778;37.48818
72.65301;8.90025
72.80153;5.60510
73.13318;14.25078
73.15833;36.70320
73.22367;-5.45276
73.51254;66.34266
73.56290;2.44067
73.72377;10.15115
74.09300;13.51458
74.24840;33.16614
74.32175;53.75208
74.63710;1.71404
74.81406;37.89048
74.98214;-12.53720
75.35649;-20.05188
75.35977;-7.17398
75.49223;43.82331
75.61950;41.07589
75.77377;21.59006
75.85457;60.44228
76.10130;-35.48287
76.14224;15.40418
76.36522;-22.37086
76.37788;-57.47299
76.62862;41.23464
76.66941;51.59814
76.86115;18.64501
76.96264;-5.08626
77.28660;-8.75408
77.42483;15.59727
78.07453;-11.86914
78.23280;-16.20543
78.30785;-12.94129
78.32283;2.86125
78.35721;38.48467
78.43928;-67.18535
78.63446;-8.20164
79.17207;45.99903
79.37093;-34.89439
79.40166;-6.84439
79.54395;33.37200
79.78366;40.10067
79.81912;22.09669
79.89386;-13.17678
80.11213;-21.23974
80.44062;-0.38247
80.70834;3.54445
80.98682;-7.80796
81.11924;-2.39714
81.18678;1.84645
81.28278;6.34973
81.57291;28.60787
81.70928;3.09568
81.90868;21.93698
82.06136;-20.75923
82.43326;-1.09218
82.69603;5.94822
82.80306;-35.47044
82.98275;-7.30153
83.00167;-0.29909
83.05313;18.59425
83.18198;32.19203
83.18256;-17.82229
83.40632;-62.48986
83.70516;9.48959
83.76117;-6.00203
83.78449;9.93416
83.81593;-5.38732
83.84542;-5.41606
83.84651;-4.83834
83.85825;-5.90990
84.05339;-1.20192
84.22638;9.29141
84.41118;21.14259
84.68652;-2.60007
84.72122;-7.21271
84.79644;4.12147
84.91225;-34.07405
85.18969;-1.94258
85.21132;-1.12879
85.32381;16.53418
85.61943;1.47466
86.11656;-22.44749
86.19341;-65.73554
86.73896;-14.82195
86.82118;-51.06671
86.93912;-9.66960
87.25400;24.56755
87.29358;39.18113
87.38726;12.65137
87.45657;-56.16649
87.73980;-35.76929
87.76004;37.30568
87.82980;-20.87751
87.87247;39.14848
88.11018;1.85516
88.27868;-33.80144
88.33185;27.61229
88.52458;-63.09102
88.59618;20.27641
88.71161;55.70690
88.79287;7.40704
88.87454;-37.12061
89.10133;-14.16804
89.38422;-35.28331
89.49857;25.95392
89.78663;-42.81511
89.88146;54.28498
89.88237;44.94743
89.93016;37.21276
89.98376;45.93675
90.01394;-3.07408
90.46011;-10.59794
90.59579;9.64737
90.97993;20.13846
91.03007;23.26363
91.24639;-16.48443
91.53889;-14.93529
91.89301;14.76852
92.57464;-54.96866
92.98499;14.20881
93.01365;16.13045
93.71390;-6.27473
93.71957;22.50682
93.84474;29.49871
94.13806;-35.14073
94.71158;69.32003
94.90579;59.01091
94.99835;-2.94449
95.07828;-30.06338
95.52852;-33.43627
95.67495;-17.95592
95.73996;22.51385
95.94207;4.59284
95.98788;-52.69572
96.22459;49.28790
97.04257;-32.58013
97.20448;-7.03305
97.24079;20.21217
97.96403;-23.41844
98.22596;7.33298
98.74411;-52.97563
98.76408;-22.96483
99.17083;-19.25571
99.42793;16.39941
99.44030;-43.19592
99.47261;-18.23746
99.81965;-14.14575
99.83261;42.48901
100.24442;9.89576
100.98304;25.13116
100.99706;13.22814
101.28854;-16.71314
101.32264;12.89606
101.55897;59.44169
101.83268;8.03728
101.96524;2.41219
102.04807;-61.94198
102.46027;-32.50849
102.46382;-53.62249
102.48390;-50.61440
102.69151;41.78157
102.71812;-34.36732
103.19725;33.96137
103.38713;-20.22426
103.53315;-24.18422
103.54784;-12.03859
103.66081;13.17802
103.90583;-20.13659
104.03428;-17.05425
104.06662;-48.72116
104.31916;58.42306
104.40469;45.09410
104.65644;-28.97209
105.01603;76.97744
105.42980;-27.93484
105.72825;-4.23924
105.75614;-23.83330
105.93955;-15.63326
105.97357;-49.58426
106.02723;20.57030
107.09786;-26.39321
107.18677;-70.49919
107.21282;-39.65567
107.55701;-4.23764
107.78497;30.24528
107.91372;39.32054
107.96608;-0.49278
108.14059;-46.75956
108.30571;-45.18252
108.38430;-44.64053
108.56340;-26.35252
108.65894;-48.27193
108.70276;-26.77269
109.14584;-27.88127
109.15349;-23.31560
109.20763;-67.95717
109.28568;-37.09749
109.52336;16.54048
109.57667;-36.73397
109.66825;-24.55871
109.67703;-24.95438
110.03079;21.98234
110.55638;-19.01658
111.02377;-29.30312
111.41208;9.27612
111.43198;27.79829
111.67859;49.21164
111.78780;8.28941
112.04096;8.92550
112.27754;31.78408
112.30783;-43.30189
112.44909;12.00661
112.46423;-23.02430
112.67754;-30.96228
112.76867;82.41157
113.44987;-14.52390
113.51336;-22.29618
113.65002;31.88864
113.84557;-28.36928
113.91542;-52.53381
113.98072;26.89600
114.34217;-34.96857
114.57520;-25.36479
114.70784;-26.80389
114.79149;34.58463
114.82724;5.22751
114.86397;-38.30806
115.09672;-15.26385
115.31199;-9.55108
115.45498;-72.60614
115.75191;58.71049
115.82786;28.88407
115.88498;-28.41096
115.95197;-28.95484
116.11195;24.39813
116.31377;-37.96860
116.33068;28.02631
116.53122;18.51017
117.02156;-25.93718
117.08437;-47.07753
117.30958;-46.37323
117.32358;-24.85978
118.05436;-40.57580
118.16106;-38.86282
118.26518;-49.61308
118.32568;-48.10295
118.37432;26.76586
119.19476;-52.98240
119.21483;-22.88015
119.41713;-30.33459
119.56018;-49.24493
119.93410;-3.67958
119.96690;-18.39914
120.08321;-63.56750
120.30540;-1.39242
120.56647;2.33431
120.87958;27.79442
120.89613;-40.00319
121.88626;-24.30444
121.98267;-68.61714
122.11460;51.50668
122.14857;-2.98378
122.25358;-61.30171
122.25685;-19.24500
122.38315;-47.33661
122.81801;-12.92702
122.83958;-39.61855
122.85790;-42.98729
123.05295;17.64814
123.33323;-15.78821
123.37301;-35.89954
123.51203;-40.34773
124.12895;9.18566
124.63028;-76.91998
124.63914;-36.65953
125.16203;-77.48458
125.34598;-33.05437
125.62860;-59.50954
125.63208;-48.49040
125.70888;43.18837
126.41530;-3.90636
126.43436;-66.13652
127.56679;60.71843
128.83187;-58.00929
129.41101;-42.98910
129.41420;5.70380
129.68937;3.34147
129.92704;-29.56086
130.00633;-12.47537
130.02557;-35.30830
130.05374;64.32787
130.07337;-52.92197
130.15431;-59.76101
130.15656;-46.64875
130.30475;-47.31714
130.43056;-15.94315
130.60588;-53.11404
130.80619;3.39867
130.82172;21.46860
130.89811;-33.18641
130.91825;-7.23373
131.09986;-42.64932
131.17129;18.15486
131.17582;-54.70857
131.50689;-46.04154
131.59386;-13.54770
131.67431;28.76001
131.67733;-56.76980
131.69436;6.41891
132.10825;5.83788
132.44853;-45.30791
132.63338;-27.71006
133.76192;-60.64471
133.84869;5.94553
133.88131;-27.68163
134.08033;-52.72351
134.24345;-59.22936
134.62165;11.85777
134.80349;48.04235
135.02267;-41.25374
135.16147;41.78344
135.61166;-66.39584
135.63636;67.62957
135.90649;47.15666
136.03884;-47.09771
136.28679;-72.60269
136.40993;-70.53852
136.49324;5.09234
136.63245;38.45225
136.99907;-43.43262
137.01191;-25.85854
137.21827;51.60473
137.59803;67.13424
137.72888;63.51378
137.74211;-58.96693
137.76834;-44.86791
137.81987;-62.31702
138.30100;-69.71747
138.59081;2.31502
138.90317;-38.56992
138.93779;-37.41313
139.04700;54.02171
139.05043;-57.54144
139.27262;-59.27526
139.71111;36.80290
139.94333;-11.97488
140.12094;-9.55563
140.23679;-62.40463
140.26441;34.39253
140.37333;-25.96542
140.52846;-55.01070
140.80140;-28.83392
141.16366;26.18244
141.82624;-22.34342
141.89688;-8.65868
142.28683;-2.76896
142.31141;-35.95135
142.67547;-40.46689
142.80564;-57.03439
142.88154;63.06180
142.93017;22.96807
142.98663;11.30003
142.99556;-1.18465
143.21802;51.67860
143.55574;36.39761
143.61110;-59.22977
143.62070;69.83015
143.70623;52.05157
143.76605;39.62144
144.20690;-49.35513
144.27230;81.32642
144.61410;4.64941
144.83767;-61.32811
144.96389;-1.14266
145.28799;9.89240
145.32094;-23.59152
145.56113;-23.91621
146.05054;-27.76956
146.31178;-62.50792
146.46293;23.77428
146.77557;-65.07202
147.74872;59.03910
147.86951;-14.84655
147.91953;-46.54764
148.02650;54.06429
148.19149;26.00708
148.55183;-25.93248
148.71765;-19.00927
149.21565;-54.56780
150.05343;8.04428
151.28122;-13.06467
151.83314;16.76267
151.85719;35.24469
151.97633;9.99766
151.98456;-0.37163
152.09358;11.96720
152.23439;-51.81126
152.64749;-12.35384
153.43450;-70.03792
153.68447;-42.12206
154.17252;23.41733
154.27086;-61.33232
154.27470;42.91447
154.90319;-55.02931
154.93463;19.47144
154.99234;19.84186
155.22840;-56.04322
155.58169;-41.65011
155.58251;41.49943
155.74241;-66.90153
156.03275;65.56647
156.09892;-74.03154
156.47861;33.79626
156.52294;-16.83610
156.78815;-31.06780
156.85199;-57.63881
156.96977;-58.73941
156.97122;36.70748
157.58365;-71.99272
157.65735;55.98062
157.75864;-73.22151
157.84265;-53.71599
158.00618;-61.68536
158.20281;9.30659
158.30832;40.42554
158.77328;75.71298
158.86758;-78.60781
158.89714;-57.55764
159.30749;-27.41269
159.32607;-48.22562
159.38853;-13.38445
159.64589;-16.87664
159.68005;31.97622
159.68755;-59.18300
159.82672;-55.60328
160.55893;-64.46645
160.73928;-64.39448
160.88462;-60.56663
161.02890;-63.96110
161.44640;-80.54020
161.69218;-49.42013
161.71352;-64.38350
162.40597;-16.19413
163.32767;34.21557
163.37319;-58.85326
163.49461;43.19002
163.90353;24.74975
164.17915;-37.13746
164.94479;-18.29910
165.03852;-42.22587
165.14016;3.61753
165.18680;6.10150
165.45695;-2.48450
165.45996;56.38234
165.58242;20.17975
165.93265;61.75112
166.25512;7.33612
166.33347;-27.29360
166.63531;-62.42414
167.14748;-58.97504
167.41608;44.49855
167.91453;-22.82561
168.15008;-60.31763
168.52672;20.52403
168.56017;15.42976
168.80101;23.09553
169.16568;-3.65151
169.61981;33.09424
169.78310;38.18572
169.83551;-14.77904
170.25184;-54.49101
170.28437;6.02935
170.70672;43.48274
170.98070;10.52970
171.15252;-10.85938
171.22076;-17.68402
171.98429;2.85629
172.57867;-3.00346
172.85120;69.33112
173.06841;-29.26137
173.25108;-31.85752
173.69047;-54.26413
173.94553;-63.01982
174.17062;-9.80225
174.23721;-0.82385
175.05342;-34.74466
175.22355;-62.09010
176.19066;-18.35061
176.32085;8.25817
176.40236;-66.72884
176.46488;6.52981
176.51306;47.77934
176.62854;-61.17836
176.63436;-40.50133
176.99678;20.21894
177.06037;-66.81487
177.26616;14.57234
177.42120;-63.78849
177.48595;-70.22579
177.67203;1.76538
177.78647;-45.17345
177.96364;-65.20589
178.22734;-33.90813
178.45726;53.69473
179.90705;-78.22182
180.21829;6.61439
180.75708;-63.31294
181.08016;-63.16571
181.30279;8.73285
181.72022;-64.61364
182.02190;-50.66125
182.08977;-50.72241
182.10314;-24.72878
182.53136;-22.61979
182.91313;-52.36842
183.78649;-58.74890
183.85604;57.03260
183.95195;-17.54198
184.08565;23.94542
184.12573;33.06180
184.39432;-67.96067
184.58727;-79.31227
184.60955;-64.00305
184.97663;-0.66675
185.08814;3.31273
185.17955;17.79265
185.34088;-60.40137
185.62633;25.84618
186.00618;51.56223
186.60031;27.26826
186.63245;-51.45061
186.64976;-63.09906
186.73470;28.26862
186.74710;26.82572
187.01005;-50.23060
187.46660;-16.51509
187.79137;-57.11257
188.01869;-16.19587
188.11713;-72.13298
188.37101;69.78821
188.43789;41.35677
188.59681;-23.39662
188.68361;70.02177
188.71299;22.62919
189.29618;-69.13553
189.42637;-48.54129
189.81172;-7.99550
189.96901;-39.98724
190.38002;-48.95989
190.41668;-1.44952
190.47086;10.23584
190.48582;-59.68581
190.64817;-48.81303
191.40798;-60.98116
191.57029;-68.10809
191.59479;-56.48878
191.93050;-59.68873
192.67161;-33.99927
192.92470;27.54073
193.27907;-48.94325
193.32405;21.24502
193.35894;-40.17882
193.50680;55.95984
193.58823;-9.53895
193.64857;-57.17789
193.66342;-59.14667
193.90201;3.39760
194.00767;38.31825
194.73111;17.40936
195.06869;30.78504
195.18161;56.36633
195.54484;10.95910
195.56574;-71.54880
195.88895;-49.52724
196.56971;-48.46325
196.72776;-49.90622
196.79462;27.62491
197.26368;-23.11797
197.48755;-5.53893
197.49812;17.52912
197.97051;27.87604
198.01444;-37.80314
198.07346;-59.92054
198.42909;40.15285
198.56428;-59.10286
198.81249;-67.89456
199.30431;-66.78342
199.38599;40.57256
199.40120;5.46985
199.60405;-18.30861
199.73022;-23.17141
200.15027;-36.71208
200.65825;-60.98836
200.98092;54.92542
201.00185;-64.53562
201.29835;-11.16124
201.30590;54.98800
201.86349;-15.97363
202.10813;13.78019
202.76112;-39.40728
202.99144;-6.25571
203.53294;3.65903
203.61406;49.01591
203.67398;-0.59594
203.69894;37.18244
204.36540;36.29484
204.97197;-53.46636
205.18455;54.68166
205.43673;-54.55937
206.42319;-33.04337
206.66404;-51.43270
206.81682;17.45677
206.88561;49.31330
207.36146;-34.45063
207.36957;15.79781
207.37624;-41.68766
207.40420;-42.47369
207.42842;21.26406
207.46810;-18.13408
207.85807;64.72328
207.94787;34.44432
207.95677;-32.99402
208.30228;-31.92759
208.67132;18.39859
208.88515;-47.28827
209.41224;-63.68662
209.56785;-42.10071
209.66988;-44.80353
210.41160;1.54458
210.43122;-45.60337
210.95602;-60.37298
211.09761;64.37581
211.51161;-41.17958
211.59279;-26.68202
211.67219;-36.36870
212.21254;77.54743
212.47899;-53.43873
212.59979;25.09182
212.71035;-16.30200
213.06596;2.40950
213.22392;-10.27404
213.37062;51.78999
213.91811;19.18727
214.00369;-5.99953
214.04196;51.36701
214.09657;46.08792
214.49923;35.50947
214.55821;-81.00760
214.77751;-13.37117
214.85097;-46.05808
214.93884;16.30680
215.08147;-56.38648
215.13950;-37.88527
215.17730;-45.18688
215.65467;-58.45916
215.75941;-39.51177
215.77462;-27.75373
215.84475;8.44664
216.30008;51.85171
216.53431;-45.22139
216.54501;-45.37926
216.73225;-83.66785
216.88134;75.69594
217.04351;-29.49158
217.05092;-2.22795
217.95774;30.37114
218.01982;38.30788
218.15451;-50.45712
218.66954;29.74481
218.87688;-42.15775
219.47188;-49.42576
219.91413;-60.83947
219.92041;-60.83515
220.18150;16.41830
220.28717;13.72833
220.41149;8.16176
220.48239;-47.38814
220.49005;-37.79342
220.62785;-64.97457
220.76484;-5.65743
220.85572;26.52789
220.91451;-35.17323
221.24665;-35.19182
221.24688;27.07417
221.31041;16.96440
221.56247;1.89294
221.96553;-79.04471
222.57278;-27.96022
222.67665;74.15548
222.71991;-16.04161
222.75425;-2.29885
222.84702;19.10063
222.90968;-43.57529
224.29607;-4.34609
224.39633;65.93238
224.63314;-43.13387
224.79041;-42.10414
225.24328;-8.51893
225.48664;40.39064
225.52713;25.00826
225.72529;2.09127
225.94867;47.65401
226.01776;-25.28186
226.11190;26.94766
226.27961;-47.05119
226.82478;24.86959
227.21096;-45.27979
227.98400;-48.73770
228.05547;-19.79163
228.07168;-52.09907
228.20669;-44.50036
228.65552;-31.51913
228.87543;33.31510
229.25197;-9.38287
229.37900;-58.80088
229.41203;-63.61049
229.45769;-30.14866
229.63354;-47.87519
229.72787;-68.67947
230.18229;71.83397
230.34307;-40.64746
230.45182;-36.26117
230.53498;-47.92747
230.67036;-44.68957
230.78901;-36.85844
230.80094;30.28824
230.84441;-59.32070
231.04971;-10.32189
231.12307;37.37696
231.23243;58.96602
231.33439;-38.73359
231.95772;29.10549
232.94580;40.89937
233.23248;31.35916
233.54383;-10.06396
233.67162;26.71491
233.70079;10.53886
233.78525;-41.16669
233.88141;-14.78955
233.97194;-44.95834
234.17995;-66.31690
234.25608;-28.13507
234.51384;-42.56748
234.66410;-29.77769
234.84452;36.63583
234.94156;-34.41189
235.07044;-23.81806
235.29798;-44.66056
235.38788;19.67051
235.48674;-19.67857
235.67099;-34.71033
235.68599;26.29551
236.01443;77.79450
236.06665;6.42552
236.54673;15.42193
236.61144;7.35324
237.18504;18.14178
237.39874;26.06855
237.40527;-3.43014
237.70371;4.47758
237.73976;-33.62710
237.74481;-25.75123
237.80807;35.65823
237.81643;20.97788
238.16748;42.44999
238.40303;-25.32708
238.45615;-16.72962
238.78670;-63.42975
239.11248;15.66473
239.22119;-29.21401
239.39709;26.87803
239.44830;54.74950
239.54740;-14.27932
239.71300;-26.11404
239.87623;-41.74440
240.03059;-38.39664
240.08338;-22.62162
240.36079;29.85108
240.47377;58.56444
240.57370;22.80440
240.69938;46.03685
240.80358;-49.22972
240.83611;-25.86515
240.85084;-38.60247
240.88425;-57.77487
241.35931;-19.80539
241.36073;-19.80184
241.62260;-45.17328
241.64815;-36.80221
241.70180;-20.66913
241.85125;-20.86865
242.19250;44.93482
242.24304;36.49011
242.99892;-19.46065
243.00001;-10.06419
243.07588;-27.92632
243.36973;-54.63041
243.58653;-3.69398
243.85944;-63.68565
244.25390;-50.06811
244.37709;75.75470
244.57467;-28.61378
244.58017;-4.69261
244.93520;46.31327
244.96070;-50.15538
245.08681;-78.69566
245.15910;-24.16928
245.29718;-25.59275
245.48018;19.15302
245.51850;1.02892
245.52454;30.89173
245.99795;61.51408
246.02582;-20.03721
246.35387;14.03342
246.39634;-23.44712
246.75599;-18.45620
246.79603;-47.55474
246.95095;-8.37170
246.99605;68.76805
247.11584;-70.08467
247.16052;41.88169
247.35195;-26.43195
247.55199;-25.11516
247.55526;21.48965
247.72851;1.98410
247.78498;-16.61264
247.84559;-34.70432
248.03411;-21.46648
248.15166;11.48823
248.36443;-78.89696
248.52092;-44.04531
248.52579;42.43690
248.97066;-28.21596
249.09359;-35.25536
249.28971;-10.56715
249.68703;48.92828
250.22966;64.58909
250.32282;31.60189
250.39332;-17.74216
250.72391;38.92246
250.77258;-77.51657
251.32412;56.78169
251.49234;82.03725
252.16611;-69.02764
252.30916;45.98345
252.44630;-59.04132
252.45822;-10.78280
252.54269;-34.29261
252.96766;-38.04733
253.08397;-38.01748
253.49886;-42.36202
253.50210;10.16544
253.64627;-42.36076
254.00566;65.13467
254.41779;9.37506
254.65513;-55.99006
254.89603;-53.16049
255.07253;30.92634
255.26511;-4.22245
255.78273;14.09210
256.20563;-34.12292
256.33409;54.46986
256.34442;12.74085
257.19677;65.71464
257.59443;-15.72515
258.03823;-43.23849
258.66193;14.39025
258.75802;24.83959
258.76189;36.80916
258.83870;-26.60005
259.15294;-0.44514
259.33154;33.10011
259.41786;37.29134
260.20681;-12.84688
260.25088;-21.11243
260.49806;-67.77065
260.50243;-24.99949
260.92072;37.14592
261.32499;-55.52982
261.34858;-56.37769
261.59257;-24.17502
261.62867;4.14034
261.65806;-5.08649
261.83860;-29.86670
262.60824;52.30136
262.68458;26.11060
262.69100;-37.29574
262.77490;-60.68361
262.85396;-23.96258
262.96051;-49.87598
263.04341;55.18411
263.05374;86.58633
263.06616;55.17281
263.40219;-37.10375
263.73335;12.56058
263.91505;-46.50559
264.13686;-38.63487
264.23787;68.75719
264.32969;-42.99782
264.39677;-15.39841
264.46133;-8.11872
264.86622;46.00632
265.09888;-49.41515
265.35382;-12.87517
265.48461;72.14950
265.62200;-39.02992
265.85773;-21.68309
265.86824;4.56692
266.43334;-64.72373
266.61550;27.72250
266.89011;-27.83076
266.89617;-40.12698
266.97323;2.70746
267.29364;-31.70318
267.46438;-37.04337
267.54629;-40.09043
268.38179;56.87245
269.06324;37.25052
269.15157;51.48895
269.19761;-44.34220
269.44096;29.24793
269.44919;-41.71626
269.62562;30.18927
269.75666;-9.77335
269.94815;-23.81601
270.01425;16.75094
270.06582;4.36865
270.12050;-3.69016
270.16131;2.93159
270.37668;21.59569
270.43829;1.30511
270.77046;-8.18026
271.25509;-29.58008
271.36339;2.50244
271.45219;-30.42365
271.50795;22.21889
271.65783;-50.09145
271.70785;-43.42496
271.82648;8.73379
271.83759;9.56365
271.88563;28.76247
272.02068;-28.45702
272.14496;-63.66805
272.18955;20.81457
272.80740;-45.95433
272.93053;-23.70117
272.97570;31.40529
273.44087;-21.05883
273.47233;64.39720
274.40720;-36.76128
274.51328;-27.04263
274.96551;36.06445
275.07460;21.96144
275.18934;71.33773
275.21693;3.37714
275.24842;-29.82804
275.25975;72.73370
275.32884;-2.89712
275.80675;-61.49391
275.91481;-8.93451
275.92403;21.77034
275.97770;58.80059
276.04311;-34.38431
276.33765;-20.54161
276.49578;65.56355
276.74346;-45.96833
276.99279;-25.42125
277.20723;-49.07003
277.29938;-14.56580
277.84344;-62.27819
277.93932;-45.91474
278.14384;57.04562
278.37567;-42.31246
278.80182;-8.24331
279.23411;38.78299
280.56843;-9.05255
280.75889;-71.42773
280.88017;-8.27524
281.08066;-35.64192
281.08474;39.66998
281.09490;39.61260
281.19307;37.60505
281.36190;-64.87090
281.41397;-26.99078
281.41555;20.54712
281.51862;26.66207
281.75509;18.18123
281.79366;-4.74783
282.51997;33.36268
282.80003;59.38829
283.05432;-62.18756
283.30642;50.70829
283.54240;-22.74482
283.59903;71.29709
283.62620;36.89861
283.68700;22.64507
283.81632;-26.29659
283.83369;43.94589
284.05483;4.20353
284.06089;4.20206
284.23767;-67.23354
284.26514;-5.84621
284.43242;-21.10662
284.61565;-52.93861
284.68114;-37.10709
284.73594;32.68955
284.90579;15.06848
285.00342;32.14549
285.42017;-5.73902
285.65301;-29.88011
285.77847;-42.09499
286.17056;-21.74135
286.35255;13.86371
286.56229;-4.88233
286.60433;-37.06276
286.73518;-27.66981
287.08722;-40.49664
287.36783;-37.90424
287.44097;-21.02353
287.50730;-39.34071
288.13815;67.66132
288.43954;39.14597
288.88499;-25.25661
288.88872;73.35521
289.05433;21.39044
289.09206;38.13373
289.27546;53.36816
289.40869;-18.95288
290.13683;-5.41587
290.16697;65.71443
290.41823;-17.84725
290.43176;-15.95500
290.65953;-44.45891
290.80442;-44.79965
290.97146;-40.61565
291.03155;29.62131
291.37397;3.11458
291.62954;0.33858
292.17671;24.66516
292.42641;51.72947
292.68036;27.95969
292.94300;34.45298
293.08578;69.66540
293.52178;7.37932
293.80414;-48.09911
294.11059;50.22046
294.17662;-24.88357
294.18032;-1.28655
294.22270;-7.02747
294.84418;30.15323
295.02409;18.01394
295.26222;17.47612
296.06897;37.35427
296.24351;45.13069
296.56488;10.61327
296.59091;-19.76089
296.84694;18.53426
297.04256;70.26784
297.69451;8.86738
297.76706;22.61009
298.11818;1.00568
298.36534;24.07953
298.56176;8.46165
298.81533;-41.86841
298.82819;6.40793
298.90759;52.43902
298.95927;-26.29969
298.96567;38.48670
298.98078;58.84602
299.07665;35.08349
299.23677;-27.16986
299.68912;19.49209
299.73823;-26.19583
299.93406;-35.27624
300.14747;-72.91018
300.27504;27.75356
300.43634;-59.37583
300.66441;-27.70988
300.70436;67.87345
300.88921;-37.94049
301.08151;-32.05627
301.84654;-52.88081
302.17442;-66.17932
302.22215;77.71136
302.35674;36.83959
302.82610;-0.82148
303.32517;46.81567
303.34917;56.56752
303.40793;46.74132
303.56911;15.19747
303.63326;36.80614
303.81621;25.59197
303.86799;47.71421
303.94232;27.81423
304.41190;-12.50821
304.44669;38.03295
304.51341;-12.54486
305.16586;-12.75904
305.25269;-14.78140
305.55708;40.25668
305.96498;32.19019
306.41187;-56.73488
307.21510;-17.81367
307.34888;30.36856
307.39511;62.99414
307.41233;-2.88548
307.51472;48.95155
308.30319;11.30333
308.47578;35.25086
308.82712;14.67418
308.89487;-60.58130
309.18178;-2.54992
309.38696;14.59520
309.39162;-47.29166
309.39683;-61.52974
309.58447;-1.10508
309.63038;21.20118
309.90939;15.91205
310.35797;45.28033
310.86477;15.07468
311.00911;-51.92084
311.21885;25.27105
311.23982;-66.20324
311.32195;61.83679
311.33832;57.58030
311.41566;30.71966
311.52403;-25.27052
311.55180;33.96945
311.66466;16.12477
311.79469;34.37410
311.85220;36.49074
311.91889;-9.49569
311.93432;-5.02760
312.23456;46.11414
312.37054;-46.22689
312.49200;-33.77967
312.95540;-26.91913
313.03219;27.09713
313.16336;-8.98324
313.31144;44.38727
313.70242;-58.45409
314.29338;41.16719
314.95646;47.52095
315.32276;-32.25777
316.10135;-19.85493
316.23273;43.92785
316.48658;-17.23271
316.65037;47.64841
316.78202;-25.00575
317.39830;-11.37165
317.58530;10.13195
318.23409;30.22708
318.61996;10.00772
318.69728;38.04432
318.95582;5.24807
319.35397;39.39469
319.47945;34.89688
319.48436;-32.17249
319.64409;62.58546
319.96618;-53.44926
320.18993;-40.80951
320.52139;19.80436
320.56157;-16.83456
321.61038;-65.36814
321.66678;-22.41138
322.16490;70.56069
322.18048;-21.80717
322.48700;23.63883
322.88967;-5.57116
323.49530;45.59207
323.69366;38.53383
324.27009;-19.46601
324.43768;-7.85414
324.48011;62.08195
325.02226;-16.66225
325.36864;-77.38946
325.47948;71.31119
325.52358;51.18963
325.66424;-18.86630
325.87690;58.78005
326.03502;28.74322
326.04642;9.87501
326.12788;17.35004
326.16127;25.64500
326.23662;-33.02555
326.36221;61.12081
326.69836;49.30957
326.75952;-16.12657
328.48189;-37.36482
329.47930;-54.99257
330.82266;-56.77981
330.82846;-2.15534
330.94651;64.62775
331.41955;5.05828
331.44594;-0.31983
331.52877;-39.54305
331.60919;-13.86954
331.75198;25.34505
332.05782;-46.96062
332.09564;-32.98840
332.10803;-34.04372
332.45153;72.34120
332.49689;33.17827
332.53535;-32.54844
332.54925;6.19779
332.71359;58.20125
333.46959;39.71489
333.75700;57.04347
333.90369;-41.34675
333.99238;37.74873
334.20819;-7.78324
334.62574;-60.25949
335.25637;46.53656
335.33053;28.33052
335.37946;12.20517
335.41375;-1.38735
335.89015;52.22950
336.12915;49.47640
336.31922;1.37739
336.83280;-64.96638
336.96449;4.69641
337.20750;-0.02006
337.29270;58.41519
337.31731;-43.49555
337.38259;47.70689
337.43936;-43.74923
337.62192;43.12339
337.66173;-10.67789
337.82240;50.28245
337.87621;-32.34603
338.25005;-61.98207
338.83887;-0.11736
339.34361;51.54537
339.81533;39.05028
340.12826;44.27628
340.16386;-27.04361
340.36531;10.83139
340.43921;29.30769
340.66640;-46.88457
340.75054;30.22131
340.87487;-41.41412
340.89689;-18.83031
341.40772;-53.50016
341.51551;-81.38162
341.63268;23.56568
341.67267;12.17408
341.87061;83.15372
342.13832;-51.31670
342.39796;-13.59254
342.42047;66.20071
342.50042;24.60168
343.00811;43.31236
343.13149;-32.87545
343.15360;-7.57968
343.60160;84.34612
343.66266;-15.82076
343.80677;8.81610
343.98705;-32.53970
344.10833;49.73355
344.41177;-29.62184
345.22031;-52.75411
345.48019;42.32598
345.94306;28.08245
345.96919;3.82007
346.04513;50.05168
346.19007;15.20537
346.65337;59.41976
346.67003;-23.74312
346.71987;-43.52032
346.75107;9.40952
346.77808;25.46834
346.97433;75.38758
347.36151;-21.17249
347.47865;-22.45759
347.58928;-45.24665
348.13718;49.40597
348.58055;-6.04853
348.97199;-9.08770
349.21229;-7.72647
349.28956;3.28225
349.35755;-58.23593
349.43590;49.01528
349.47585;-9.18249
349.65586;68.11142
349.70595;-32.53184
349.74021;-9.61073
350.15926;23.74036
350.74292;-20.10035
351.20936;62.28284
351.34442;23.40401
351.51174;-20.64186
351.73294;1.25584
351.99237;6.37910
352.28858;12.76049
352.50800;58.54891
353.24245;-37.81836
353.31927;-20.91453
353.48814;31.32532
353.76888;-42.61510
354.39045;46.45918
354.46223;-45.49232
354.53408;43.26808
354.83743;77.63197
354.94599;-14.22204
354.98675;5.62735
355.10184;44.33398
355.44082;-17.81653
355.51201;1.78042
355.68035;-14.54474
355.99766;29.36155
356.50850;46.42029
356.59807;3.48687
356.76411;58.65185
357.23117;-28.13001
358.59599;57.49939
359.43979;25.14148
359.66838;-3.55581
359.75221;55.75494
359.82751;6.86359
359.97879;-65.57708
